{
  "adjunct_island": {
    "total": 928,
    "correct": 474,
    "accuracy": 0.5107758620689655,
    "avg_margin": -0.006798226771683529
  },
  "anaphor_gender_agreement": {
    "total": 971,
    "correct": 597,
    "accuracy": 0.6148300720906282,
    "avg_margin": 0.13605034658272896
  },
  "anaphor_number_agreement": {
    "total": 931,
    "correct": 837,
    "accuracy": 0.8990332975295381,
    "avg_margin": 0.4954131461367827
  },
  "animate_subject_passive": {
    "total": 895,
    "correct": 563,
    "accuracy": 0.6290502793296089,
    "avg_margin": 0.11362347363093712
  },
  "animate_subject_trans": {
    "total": 923,
    "correct": 722,
    "accuracy": 0.7822318526543879,
    "avg_margin": 0.4391370961363886
  },
  "causative": {
    "total": 818,
    "correct": 474,
    "accuracy": 0.5794621026894865,
    "avg_margin": 0.19556150459718588
  },
  "complex_NP_island": {
    "total": 846,
    "correct": 283,
    "accuracy": 0.33451536643026003,
    "avg_margin": -0.1352901385467385
  },
  "coordinate_structure_constraint_complex_left_branch": {
    "total": 906,
    "correct": 259,
    "accuracy": 0.2858719646799117,
    "avg_margin": -0.211976815006854
  },
  "coordinate_structure_constraint_object_extraction": {
    "total": 949,
    "correct": 556,
    "accuracy": 0.5858798735511064,
    "avg_margin": 0.09646404153805764
  },
  "determiner_noun_agreement_1": {
    "total": 929,
    "correct": 553,
    "accuracy": 0.5952637244348762,
    "avg_margin": 0.11948517808616482
  },
  "determiner_noun_agreement_2": {
    "total": 931,
    "correct": 602,
    "accuracy": 0.6466165413533834,
    "avg_margin": 0.1463175224566434
  },
  "determiner_noun_agreement_irregular_1": {
    "total": 681,
    "correct": 410,
    "accuracy": 0.6020558002936858,
    "avg_margin": 0.10502426004619851
  },
  "determiner_noun_agreement_irregular_2": {
    "total": 820,
    "correct": 557,
    "accuracy": 0.6792682926829269,
    "avg_margin": 0.2182246778069473
  },
  "determiner_noun_agreement_with_adj_2": {
    "total": 941,
    "correct": 550,
    "accuracy": 0.5844845908607864,
    "avg_margin": 0.07739501349097484
  },
  "determiner_noun_agreement_with_adj_irregular_1": {
    "total": 718,
    "correct": 478,
    "accuracy": 0.6657381615598886,
    "avg_margin": 0.1140783078823249
  },
  "determiner_noun_agreement_with_adj_irregular_2": {
    "total": 840,
    "correct": 522,
    "accuracy": 0.6214285714285714,
    "avg_margin": 0.13154158194859822
  },
  "determiner_noun_agreement_with_adjective_1": {
    "total": 933,
    "correct": 530,
    "accuracy": 0.5680600214362272,
    "avg_margin": 0.09037314043934322
  },
  "distractor_agreement_relational_noun": {
    "total": 788,
    "correct": 543,
    "accuracy": 0.6890862944162437,
    "avg_margin": 0.09405729068717375
  },
  "distractor_agreement_relative_clause": {
    "total": 871,
    "correct": 466,
    "accuracy": 0.5350172215843858,
    "avg_margin": 0.009168567394690179
  },
  "drop_argument": {
    "total": 920,
    "correct": 480,
    "accuracy": 0.5217391304347826,
    "avg_margin": 0.03546401521433955
  },
  "ellipsis_n_bar_1": {
    "total": 802,
    "correct": 518,
    "accuracy": 0.6458852867830424,
    "avg_margin": 0.04209777244605923
  },
  "ellipsis_n_bar_2": {
    "total": 828,
    "correct": 369,
    "accuracy": 0.44565217391304346,
    "avg_margin": -0.029197613974124337
  },
  "existential_there_object_raising": {
    "total": 812,
    "correct": 533,
    "accuracy": 0.6564039408866995,
    "avg_margin": 0.13598196201136548
  },
  "existential_there_quantifiers_1": {
    "total": 930,
    "correct": 889,
    "accuracy": 0.9559139784946237,
    "avg_margin": 0.5514637813773207
  },
  "existential_there_quantifiers_2": {
    "total": 911,
    "correct": 596,
    "accuracy": 0.6542261251372119,
    "avg_margin": 0.1507502308792131
  },
  "existential_there_subject_raising": {
    "total": 924,
    "correct": 700,
    "accuracy": 0.7575757575757576,
    "avg_margin": 0.25934852924181784
  },
  "expletive_it_object_raising": {
    "total": 759,
    "correct": 494,
    "accuracy": 0.6508563899868248,
    "avg_margin": 0.15606616576826776
  },
  "inchoative": {
    "total": 855,
    "correct": 347,
    "accuracy": 0.4058479532163743,
    "avg_margin": -0.23790022978308606
  },
  "intransitive": {
    "total": 868,
    "correct": 349,
    "accuracy": 0.402073732718894,
    "avg_margin": -0.2085641062204739
  },
  "irregular_past_participle_adjectives": {
    "total": 961,
    "correct": 863,
    "accuracy": 0.8980228928199792,
    "avg_margin": 0.25494112854321466
  },
  "irregular_past_participle_verbs": {
    "total": 942,
    "correct": 788,
    "accuracy": 0.8365180467091295,
    "avg_margin": 0.6212909813899143
  },
  "irregular_plural_subject_verb_agreement_1": {
    "total": 804,
    "correct": 593,
    "accuracy": 0.7375621890547264,
    "avg_margin": 0.33246624351140874
  },
  "irregular_plural_subject_verb_agreement_2": {
    "total": 892,
    "correct": 620,
    "accuracy": 0.695067264573991,
    "avg_margin": 0.3348067458969595
  },
  "left_branch_island_echo_question": {
    "total": 947,
    "correct": 673,
    "accuracy": 0.7106652587117213,
    "avg_margin": 0.436362426157612
  },
  "left_branch_island_simple_question": {
    "total": 951,
    "correct": 446,
    "accuracy": 0.46898002103049424,
    "avg_margin": -0.04767468599866993
  },
  "matrix_question_npi_licensor_present": {
    "total": 929,
    "correct": 233,
    "accuracy": 0.25080731969860065,
    "avg_margin": -0.6985101653633898
  },
  "npi_present_1": {
    "total": 909,
    "correct": 503,
    "accuracy": 0.5533553355335533,
    "avg_margin": 0.06935444602085025
  },
  "npi_present_2": {
    "total": 914,
    "correct": 471,
    "accuracy": 0.5153172866520788,
    "avg_margin": 0.05972581984438573
  },
  "only_npi_licensor_present": {
    "total": 882,
    "correct": 839,
    "accuracy": 0.9512471655328798,
    "avg_margin": 0.3062184392189493
  },
  "only_npi_scope": {
    "total": 837,
    "correct": 452,
    "accuracy": 0.5400238948626045,
    "avg_margin": 0.03369800449129786
  },
  "passive_1": {
    "total": 840,
    "correct": 556,
    "accuracy": 0.6619047619047619,
    "avg_margin": 0.16056686639785767
  },
  "passive_2": {
    "total": 903,
    "correct": 488,
    "accuracy": 0.540420819490587,
    "avg_margin": 0.031536129225924164
  },
  "principle_A_c_command": {
    "total": 946,
    "correct": 650,
    "accuracy": 0.6871035940803383,
    "avg_margin": 0.08874190382927215
  },
  "principle_A_case_1": {
    "total": 912,
    "correct": 912,
    "accuracy": 1.0,
    "avg_margin": 0.7388895235040731
  },
  "principle_A_case_2": {
    "total": 915,
    "correct": 525,
    "accuracy": 0.5737704918032787,
    "avg_margin": 0.04905181113488036
  },
  "principle_A_domain_1": {
    "total": 914,
    "correct": 896,
    "accuracy": 0.9803063457330415,
    "avg_margin": 0.4401092383219846
  },
  "principle_A_domain_2": {
    "total": 915,
    "correct": 534,
    "accuracy": 0.5836065573770491,
    "avg_margin": 0.07741457152236354
  },
  "principle_A_domain_3": {
    "total": 941,
    "correct": 563,
    "accuracy": 0.5982996811902231,
    "avg_margin": 0.10009530449521656
  },
  "principle_A_reconstruction": {
    "total": 967,
    "correct": 560,
    "accuracy": 0.5791106514994829,
    "avg_margin": 0.05846836352422294
  },
  "regular_plural_subject_verb_agreement_1": {
    "total": 890,
    "correct": 636,
    "accuracy": 0.7146067415730337,
    "avg_margin": 0.3582615418380566
  },
  "regular_plural_subject_verb_agreement_2": {
    "total": 945,
    "correct": 678,
    "accuracy": 0.7174603174603175,
    "avg_margin": 0.39366108071867123
  },
  "sentential_negation_npi_licensor_present": {
    "total": 919,
    "correct": 919,
    "accuracy": 1.0,
    "avg_margin": 1.0002741673566053
  },
  "sentential_negation_npi_scope": {
    "total": 871,
    "correct": 430,
    "accuracy": 0.4936854190585534,